baseMean,log2FoldChange,lfcSE,stat,pvalue,padj,genus
256.3742442447692,1.0282386143886408,0.24440969220290004,4.207028801194326,2.587501753531759e-5,0.0026133767710670767,Mogibacterium
375.8725899164574,-0.7027084700511278,0.1826217535303337,-3.8478902784952567,1.1913938711144847e-4,0.006016539049128148,Faecalibacterium
