baseMean,log2FoldChange,lfcSE,stat,pvalue,padj,genus
6410.153509294633,-0.20162889144058715,0.042194703334500025,-4.7785355863783865,1.765765143961351e-6,1.0830117387532532e-4,Blautia
11.341182624426304,-6.941800252526774,1.4706108473989936,-4.72035159050026,2.354373345115768e-6,1.0830117387532532e-4,Hydrogenoanaerobacterium
