baseMean,log2FoldChange,lfcSE,stat,pvalue,padj,genus
6410.153509294633,-0.20162889144058715,0.042194703334500025,-4.7785355863783865,1.765765143961351e-6,1.0830117387532532e-4,Blautia
11.341182624426304,-6.941800252526774,1.4706108473989936,-4.72035159050026,2.354373345115768e-6,1.0830117387532532e-4,Hydrogenoanaerobacterium
34.98756274434156,-1.1550710529609294,0.3604820256692387,-3.2042403523907406,0.0013541937446360625,0.03164597843694397,Acidaminococcus
850.3714875161013,0.30092517396995433,0.09404919682657513,3.1996570318920896,0.0013759121059540858,0.03164597843694397,Bacteroides
38.53887668691754,-1.4541214187581675,0.4659078054056758,-3.1210497052995994,0.001802076144348747,0.033158201056016946,Sutterella
