baseMean,log2FoldChange,lfcSE,stat,pvalue,padj,genus
16.60198137174068,21.042380753478668,3.9101400740723675,5.381490267575827,7.387169826125568e-8,3.25035472349525e-6,Coprococcus
542.9637196522118,3.8915722114190485,1.021189314996151,3.810823472466235,1.3850464817950338e-4,0.0030471022599490743,Prevotella
2216.0280249849634,0.34206792581962836,0.10218054853809845,3.347681439506922,8.14906246809444e-4,0.008963968714903884,Acidaminococcus
87.28203982762359,10.091644945910415,2.984074027512865,3.3818346505034578,7.20034708321541e-4,0.008963968714903884,Faecalicatena
860.9115455573586,8.3942447137238,2.6326408719612644,3.1885263208993093,0.0014299999060916181,0.01258399917360624,Dorea
55.39616435591311,9.435599474178364,3.12230069017992,3.022002174183501,0.002511087446019396,0.018414641270808902,Mediterraneibacter
39.282171187356276,8.939369885841058,3.316110373410698,2.6957395500218846,0.007023255760333674,0.04414617906495452,Faecalimonas
