baseMean,log2FoldChange,lfcSE,stat,pvalue,padj,genus
13.123700887110274,-6.865871775709497,1.4138546337364195,-4.856136983167026,1.1969791224435897e-6,8.737947593838205e-5,Megamonas
8.958352723593103,-6.315573911516086,1.4819809294000015,-4.261575696573252,2.0299057304208975e-5,5.412353723337411e-4,Anaerobutyricum
9.379036047136479,-6.385761476476668,1.505684653918031,-4.241101521397526,2.2242549547961965e-5,5.412353723337411e-4,Parasutterella
393.8289944086021,0.8211126019353444,0.21366169371136556,3.843050140024543,1.2151463106507986e-4,0.0022176420169377075,Olsenella
