baseMean,log2FoldChange,lfcSE,stat,pvalue,padj,genus
142.01832346772804,2.181646870005008,0.3570881785364267,6.109546608198504,9.991457469472743e-10,7.39367852740983e-8,Eubacterium
72.46069887547769,-1.8618505049036556,0.46156103565801876,-4.033812131150394,5.487919988757579e-5,0.002030530395840304,Negativibacillus
209.73856854477262,1.6285336499937995,0.4291076311266042,3.7951635717084597,1.4754614711651358e-4,0.002729603721655501,Acidaminococcus
1335.0086742671945,0.5444314808165021,0.14190936078695743,3.8364733502945882,1.2481373306256097e-4,0.002729603721655501,Coprococcus
44.63059036486374,-1.7599285358119583,0.5445872455607427,-3.2316741718763917,0.0012306729724489232,0.018213959992244063,Intestinibacter
2057.1326073585096,0.46351554592063016,0.1539368642270205,3.011075665651174,0.0026032397329676465,0.03210662337326764,Dorea
115.5206659735456,-1.8278951555005347,0.637918622487566,-2.865404913831565,0.004164763279183258,0.044027497522794445,Holdemanella
908.1724449260302,0.4941544826869179,0.17713778824260146,2.7896615825988635,0.005276316063606928,0.04880592358836409,Anaerostipes
