baseMean,log2FoldChange,lfcSE,stat,pvalue,padj,genus
142.01832346772804,2.181646870005008,0.3570881785364267,6.109546608198504,9.991457469472743e-10,7.39367852740983e-8,Eubacterium
72.46069887547769,-1.8618505049036556,0.46156103565801876,-4.033812131150394,5.487919988757579e-5,0.002030530395840304,Negativibacillus
209.73856854477262,1.6285336499937995,0.4291076311266042,3.7951635717084597,1.4754614711651358e-4,0.002729603721655501,Acidaminococcus
1335.0086742671945,0.5444314808165021,0.14190936078695743,3.8364733502945882,1.2481373306256097e-4,0.002729603721655501,Coprococcus
