baseMean,log2FoldChange,lfcSE,stat,pvalue,padj,genus
1277.031834460098,0.38925663979849523,0.10767976259834884,3.614947046739348,3.004090184205118e-4,0.02974049282363067,Sutterella
