baseMean,log2FoldChange,lfcSE,stat,pvalue,padj,genus
591.551250794664,-1.6206505932799773,0.28609914058398833,-5.664646842251569,1.4732764984525343e-8,1.458543733468009e-6,Catenibacterium
9.477232294909271,6.52629358823614,1.666126302485059,3.917046131798081,8.96405999453891e-5,0.00443720969729676,Pseudoflavonifractor
