baseMean,log2FoldChange,lfcSE,stat,pvalue,padj,genus
438.24943870023026,-1.2557631980987995,0.2289888069267895,-5.483950132550724,4.159320630976057e-8,4.40887986883462e-6,Negativibacillus
348.79930310330843,1.9321251511524942,0.49521453979938157,3.9015921300194973,9.556207747638156e-5,0.0050647901062482225,Acidaminococcus
