baseMean,log2FoldChange,lfcSE,stat,pvalue,padj,genus
290.9825001399482,-1.5193467818643174,0.4043409936219165,-3.757587793052216,1.7155918467410208e-4,0.010894008226805483,Collinsella
13.205741469979086,-6.826159868909519,1.767349323684597,-3.8623716191421833,1.1229157843764629e-4,0.010894008226805483,Tyzzerella
664.3083905318689,0.9651648494685958,0.2907592920392936,3.3194634733742645,9.01906028749754e-4,0.03818068855040626,Gemmiger
