baseMean,log2FoldChange,lfcSE,stat,pvalue,padj,genus
67.27848598569483,-9.49939314085764,2.780581993250586,-3.416332682839738,6.347065437588099e-4,0.04125592534432264,Ruminococcus
