baseMean,log2FoldChange,lfcSE,stat,pvalue,padj,genus
122.89719271799724,-3.171447878743923,0.5978565796718145,-5.304696789462195,1.1286043237071829e-7,8.915974157286745e-6,Bifidobacterium
