baseMean,log2FoldChange,lfcSE,stat,pvalue,padj,genus
2273.4568187156306,0.5221715110762457,0.09137527863648463,5.714581874530682,1.0997409078260442e-8,1.2756994530782112e-6,Faecalibacterium
13.995464083827676,-7.1766058963354205,1.4702300947614317,-4.881280774966002,1.0539904893065316e-6,4.075429891985255e-5,Butyricimonas
11.79440938197211,7.103815278053007,1.4498431010687056,4.899713129521847,9.597668687891698e-7,4.075429891985255e-5,Faecalitalea
263.2720459081662,-0.9050034579047305,0.20993004104874843,-4.310976425210993,1.625352352341218e-5,4.7135218217895326e-4,Alistipes
6.495241789997927,-6.0585246457574256,1.5735100578730603,-3.8503247026884813,1.1796133377840371e-4,0.0027367029436589662,Enterorhabdus
