baseMean,log2FoldChange,lfcSE,stat,pvalue,padj,genus
549.0096062740021,0.6709315623625413,0.14983159927666778,4.477904297902136,7.5379377935720814e-6,8.744007840543615e-4,Ruminococcus
258.6783333612526,1.0399397615046682,0.2693911546996618,3.860333731684969,1.1323226790420864e-4,0.006567471538444101,Alistipes
