baseMean,log2FoldChange,lfcSE,stat,pvalue,padj,genus
65.96463451269558,-3.0575158500333743,0.7025752735372028,-4.351869422674,1.3498164864247217e-5,0.0015927834539811716,Hespellia
