baseMean,log2FoldChange,lfcSE,stat,pvalue,padj,genus
363.30868002953116,1.5500277553271873,0.32571381562657936,4.7588640117871,1.946855390313154e-6,2.0052610520225486e-4,Eubacterium
189.68444247809953,-2.199345119559446,0.5038563714612163,-4.365023931683551,1.2710884188746825e-5,6.546105357204615e-4,Holdemanella
280.33804092341967,1.6187063895034908,0.3954492736963389,4.093335092951713,4.252125209836469e-5,0.0014598963220438543,Acidaminococcus
