baseMean,log2FoldChange,lfcSE,stat,pvalue,padj,genus
168.93658577721965,1.8366279282840612,0.2733724239424763,6.71840963984915,1.8371861216537113e-11,1.2860302851575978e-9,Olsenella
942.8963518724516,-0.6753472351874601,0.20667900251402288,-3.2676141599901456,0.0010845811540983023,0.03796034039344058,Lactobacillus
79.46871893478315,1.5305011612810602,0.4859226107758306,3.149680890208919,0.001634488872673451,0.038138073695713856,Senegalimassilia
