baseMean,log2FoldChange,lfcSE,stat,pvalue,padj,genus
168.93658577721965,1.8366279282840612,0.2733724239424763,6.71840963984915,1.8371861216537113e-11,1.2860302851575978e-9,Olsenella
