baseMean,log2FoldChange,lfcSE,stat,pvalue,padj,genus
611.6401658244326,-5.55168158115397,0.4884091242616811,-11.366867049313099,6.114299370902296e-30,9.171449056353444e-28,Paeniclostridium
310.3975976716486,-4.024018843643104,0.5935070795032913,-6.780068819079332,1.2011865101172215e-11,9.008898825879161e-10,Negativibacillus
3512.9024278485176,1.465324433516806,0.3696620369974753,3.963957038755413,7.371752470519082e-5,0.0036858762352595413,Escherichia
1001.3064020286788,1.2525732817463675,0.32950132667275817,3.8014210576771106,1.4386857758523082e-4,0.005395071659446156,Parasutterella
