baseMean,log2FoldChange,lfcSE,stat,pvalue,padj,genus
12.951962473363421,-6.932353072648745,1.6397559531166508,-4.227673672702674,2.3611990735062293e-5,0.003164006758498347,Erysipelatoclostridium
