baseMean,log2FoldChange,lfcSE,stat,pvalue,padj,genus
12.951962473363421,-6.932353072648745,1.6397559531166508,-4.227673672702674,2.3611990735062293e-5,0.003164006758498347,Erysipelatoclostridium
718.9609281816707,-0.8214486936373719,0.21833255778599708,-3.7623737932962382,1.6830824617782787e-4,0.011276652493914466,Ruminococcus
378.34830418599364,-2.9787445039542213,0.8432585967348908,-3.5324211522870472,4.1177299985874834e-4,0.01839252732702409,Bifidobacterium
89.72016749172764,-1.4245304112185069,0.4245709474654307,-3.355223478484699,7.930089334420802e-4,0.02656579927030969,Megasphaera
