baseMean,log2FoldChange,lfcSE,stat,pvalue,padj,genus
598.5997805120213,-0.8765526488097182,0.12164240408033862,-7.20597932469996,5.762814749377081e-13,6.973005846746268e-11,Ruminococcus
15.100954049998231,-21.54290919756197,3.909857054627468,-5.5098968828195645,3.590439712390081e-8,2.172216025995999e-6,Citrobacter
