baseMean,log2FoldChange,lfcSE,stat,pvalue,padj,genus
18.128452043055887,-7.615105233896668,1.333501366014562,-5.710609248684872,1.1257244531529742e-8,1.3508693437835691e-6,Paeniclostridium
1069.175886692795,0.4655460864139376,0.10018969831377728,4.646646254547305,3.3737496646677925e-6,2.0242497988006753e-4,Ruminococcus
107.60429894561405,0.8488824344582057,0.22854979828395433,3.714212135963205,2.0383775259627808e-4,0.008153510103851123,Anaeromassilibacillus
