baseMean,log2FoldChange,lfcSE,stat,pvalue,padj,genus
31.308330733649328,-8.514749759778082,1.2618734731689645,-6.747704853795559,1.502020889475857e-11,1.2166369204754444e-9,Paeniclostridium
5016.352400508568,-0.22518468241306153,0.05646911169338058,-3.9877496858066945,6.670298734212664e-5,0.002701470987356129,Faecalibacterium
