baseMean,log2FoldChange,lfcSE,stat,pvalue,padj,genus
284.45992365726494,1.394963383943447,0.323229644217993,4.315703738493285,1.590952364916642e-5,0.001622771412214975,Eubacterium
478.5370577851529,1.8249127957235283,0.45861543812857164,3.9791787279780118,6.915374048573785e-5,0.0035268407647726305,Acidaminococcus
92.87501326529691,2.349419381755475,0.700216321524813,3.355276518889628,7.928568899471223e-4,0.021292338738858135,Catenibacterium
97.29442297958514,-2.0421202790535524,0.6112437273073793,-3.3409263569041436,8.349936760336524e-4,0.021292338738858135,Holdemanella
